season,team,PTS40,OP_PTS40,PTS,OP_PTS,3P%,OP_3P%,2P%,OP_2P%,FT%,3PR,OP_3PR,FTR,OP_FTR,OREB%,DREB%,ASTR,OP_ASTR,TOVR,OP_TOVR,PFR,PFDR,AST-TOV_R,OP_AST-TOV_R,STLR,OP_STLR,BLKR,OP_BLKR,PACE,ORtg,DRtg,NETRtg,eFG%,OP_eFG%,TS%,OP_TS%,home_win_pct,away_win_pct,win_pct,home_win_advantage,home_ORtg,home_DRtg,home_NETRtg,away_ORtg,away_DRtg,away_NETRtg,home_NETRtg_advantage,home_ORtg_advantage,home_DRtg_advantage
2016,EFS,82.65573770491804,82.36065573770492,2521.0,2512.0,34.83309143686502,39.78159126365055,50.259067357512954,54.14673046251993,74.83108108108108,33.77450980392157,33.82585751978892,29.019607843137255,26.75461741424802,32.98701298701299,69.11468812877264,60.391730141458105,62.74089935760171,15.73735027351958,18.884820328223494,25.135429873480568,27.79526372252613,1.5633802816901408,1.375586854460094,9.398079599960989,7.84650985468441,7.894736842105263,5.5514433752775725,73.96000000000001,111.75735222406439,111.35837714670755,0.39897507735683746,50.931372549019606,56.01583113456464,54.79291278341911,59.29898776250189,73,40,56,33,114.63545389563974,109.9892780557541,113.5355611150822,108.92326101110348,112.70654067465553,107.79619560435692,5.739365510725278,5.712192884536265,2.7172626189014295
2016,CSK,86.59282526037362,78.9090909090909,2619.0,2387.0,40.577507598784194,35.90504451038576,55.50737207285343,51.48430873621713,81.63884673748103,36.33351739370514,36.373448461953586,36.38873550524572,32.70372369131139,30.439442658092176,69.86434108527132,67.47519294377068,63.839811542991754,19.332239613355206,19.908659601826805,29.48609941027801,29.79647940407041,1.4036697247706422,1.2071269487750558,9.400079811998403,9.533099809338003,8.396946564885496,8.239375542064181,74.56769714002314,116.12645767747084,105.83957788320843,10.286879794262404,57.454445057979015,52.34754452239611,62.32864976010966,56.306731331735584,93,53,73,40,122.60611341287765,106.15786759606665,121.54453473691697,109.68015850551939,105.52292669119728,108.62492923860742,12.91960549830955,12.92595490735826,-0.6349409048693673
2016,MTA,77.70954356846472,83.28630705394191,2341.0,2509.0,39.22829581993569,34.94897959183673,51.90713101160863,53.59477124183007,72.5609756097561,34.02625820568928,39.04382470119522,26.914660831509845,24.701195219123505,26.156941649899398,69.0497737556561,60.57471264367816,64.19354838709677,19.214597668930224,14.919569954698762,27.397755734992273,25.18242565080973,1.24,1.809090909090909,7.369363341260298,9.494271789353759,4.330065359477124,6.218905472636816,73.42273858921162,105.83852504227212,113.43394247375514,-7.595417431483014,54.266958424507656,53.13745019920319,57.25172170918766,56.350618082506834,40,26,33,14,107.36733452527972,112.89698265533704,106.23836469872634,104.36634717784878,113.95101171459,103.22683706070288,3.011527638023466,3.000987347430936,1.0540290592529544
2016,OLY,77.60995850622406,73.9253112033195,2338.0,2227.0,33.47639484978541,36.952714535901926,52.16262975778547,46.67697063369397,74.01032702237522,37.681940700808624,30.61662198391421,31.32075471698113,26.916890080428953,33.113207547169814,71.38836772983115,54.48028673835125,53.86503067484663,17.912452886517148,16.932865619285742,27.521737507929995,29.900735156920554,1.1875,1.209366391184573,8.769638392357354,9.09616748143449,7.727975270479135,7.612456747404845,71.16215767634854,109.06071575176327,103.8828973392544,5.17781841250887,51.42857142857143,49.35656836461126,55.38604404351287,53.38274493259439,73,53,63,20,108.02326654971841,96.9439571600037,107.05382697811838,110.12011389135068,110.96864216619842,109.0104274696887,-1.9566004915703132,-2.0968473416322695,14.024685006194716
2016,RMD,86.16666666666667,78.43333333333334,2585.0,2353.0,37.515683814303635,35.60830860534124,56.96539485359361,50.452674897119344,77.39463601532567,41.42411642411643,35.68025410269984,27.13097713097713,29.168872419269455,33.83838383838384,70.9647495361781,65.67481402763018,55.92028135990621,16.913821792316554,16.822395728574303,28.387792791969137,27.976375505129003,1.6702702702702703,1.296195652173913,9.599736692936423,8.365484832416026,7.242798353909465,5.057675244010648,72.91866666666667,118.16818738686025,107.56276399275906,10.605423394101194,56.67879417879418,51.50873478030704,60.01355818877457,55.1974252148782,93,60,76,33,120.34105626708877,104.69132249244494,119.29414304216432,115.92235897817275,110.530621351281,114.81705276465995,4.477090277504374,4.418697288916022,5.8392988588360595
2016,ZAL,78.33333333333333,79.7,2350.0,2391.0,38.93249607535322,37.09449929478138,51.95822454308094,53.504442250740375,79.38342967244701,35.66629339305711,41.17305458768873,29.059350503919372,38.3855981416957,34.332988624612206,72.18124341412013,67.57396449704142,65.83850931677019,19.540394629974674,16.530504992594715,33.395442167120535,29.90779226983899,1.3960880195599021,1.5317919075144508,7.070851846543404,10.654053795805263,5.429417571569595,8.181026979982594,69.77000000000001,112.2736610768716,114.2324781424681,-1.9588170655964916,54.255319148936174,54.38443670150987,58.33118211243273,59.39369249418732,40,53,46,-13,108.17997474844091,112.2929180854727,107.05704556758617,116.35898512819536,116.16807621083981,115.19730436608695,-8.140258798500781,-8.179010379754445,3.8751581253671077
2016,MIL,80.39834024896265,87.00414937759336,2422.0,2621.0,34.98349834983498,38.83116883116883,52.4551831644583,56.860986547085204,75.34246575342466,32.08046585494971,40.84880636604775,30.915828480677607,31.087533156498672,32.53358925143954,67.75510204081633,59.09604519774011,60.98606645230439,19.048470756573064,18.467179395456984,29.51171525666249,27.94670005365766,1.227699530516432,1.3777239709443099,9.434805938114827,10.194956179574316,4.125560538116592,6.235385814497272,74.23734439834026,108.29905204793418,117.19728134501878,-8.898229297084598,52.46161990471149,57.42705570291777,56.431620347070776,61.157155923914054,40,13,26,27,110.21577580804012,114.69245232339513,109.06885128480617,106.38677981241628,119.69629298794106,105.18981688253689,3.8790344022692835,3.828995995623842,5.003840664545933
2016,PAO,75.95102040816326,72.9469387755102,2326.0,2234.0,35.984848484848484,37.067545304777596,50.920810313075506,48.326530612244895,71.42857142857143,42.17252396166134,33.133187772925766,27.209797657082003,27.183406113537117,27.458256029684602,69.96124031007751,54.77326968973747,57.64993880048959,15.646245832324402,19.138711419896815,27.800026077076392,27.054966751727612,1.3660714285714286,1.145985401459854,10.430830554882935,7.07806359081342,7.918367346938775,5.801104972375691,70.12179591836733,108.31299942257904,104.02890830182355,4.284091120755491,52.209797657082,50.73689956331878,55.30615738715261,54.45805218612271,93,33,63,60,111.58283341024458,100.41532071988925,110.57868020304568,104.9831763754958,107.7087915186376,103.9060884603094,6.672591742736273,6.599657034748773,7.293470798748345
2016,BAS,81.5,79.2,2445.0,2376.0,34.801762114537446,37.78990450204638,53.25824617860016,49.01610017889087,76.06679035250464,35.395010395010395,39.60021609940573,28.014553014553016,32.95515937331172,31.749049429657795,70.58823529411765,59.95550611790879,63.27272727272727,17.948764436064327,17.67681345976032,28.690828000072525,27.648349257573837,1.3611111111111112,1.3384615384615384,9.019707380749498,8.38515510270682,8.228980322003578,6.757843925985519,73.54266666666665,110.82002284388203,107.69258661638597,3.1274362274960623,52.88461538461539,52.052944354403024,56.56684373206982,56.05360007549306,66,46,56,20,109.92634934593823,101.95668901835771,108.90678245575465,111.69525586736522,113.31012703653194,110.5621545969999,-1.6553721412452518,-1.7689065214269846,11.35343801817423
2016,FNR,75.5702479338843,74.19408166639114,2286.0,2244.0,38.297872340425535,35.69277108433735,51.59525979945305,51.97195442594216,75.66539923954373,37.49287749287749,36.78670360110803,29.97150997150997,26.26038781163435,28.29015544041451,70.57057057057057,62.836185819070906,61.204819277108435,17.81800857551215,18.627918056217247,27.82277274892806,29.728442115292996,1.374331550802139,1.29923273657289,9.623630300142926,9.718913768461173,8.413672217353199,7.110300820419326,69.38842975206612,108.90900428775608,106.90805145307289,2.00095283468319,53.78917378917379,52.54847645429363,57.5401220273454,55.72220346053756,73,46,60,27,110.66974772262856,104.74953688673298,109.62225235376121,107.1557609295073,109.0573715937399,106.0651872135699,3.5570651401913125,3.513986793121262,4.3078347070069185
2016,DAR,78.77178423236515,78.53941908713693,2373.0,2366.0,37.362637362637365,36.7624810892587,48.34324553950722,53.74149659863946,71.99312714776632,38.21522309711286,35.98258029395754,30.551181102362204,27.54491017964072,32.4032403240324,69.12350597609561,51.010701545778836,62.4,15.736121680148063,17.474141089597254,28.18409853160847,28.935674492451362,1.2805970149253731,1.467741935483871,9.112858525220073,7.374839115770883,6.292517006802721,9.940526762956669,70.66755186721991,111.4681096925115,111.13929520964274,0.3288144828687649,51.28608923884514,54.24605334784975,54.90310400355378,57.4372220388029,73,33,53,40,110.17141990291265,103.43977548543691,109.13702214805826,112.74135587539799,118.69961085147186,111.55435976688325,-2.4173376188249875,-2.5699359724853394,15.259835366034949
2016,BAR,71.07053941908714,74.42323651452283,2141.0,2242.0,37.849162011173185,36.07681755829904,48.484848484848484,51.210762331838566,73.6842105263158,41.17308798159862,39.533622559652926,26.22196664749856,22.559652928416487,28.629441624365484,71.3035019455253,67.40547588005215,61.15107913669065,21.091823228620132,17.52097279488083,26.32907053143777,28.32874677433178,1.1670428893905191,1.3858695652173914,10.093603892703088,11.045830675033567,5.4708520179372195,6.35386119257087,69.72082987551866,101.93587704847788,106.7446222992468,-4.808745250768922,51.89764232317424,52.359002169197396,55.190653935781896,55.302312731865186,60,20,40,40,106.52285763286774,107.18981649103416,105.45095946795739,97.35439665017128,106.29996193376473,96.29139703083364,9.159562437123753,9.168460982696459,-0.8898545572694303
2016,BAM,79.2396694214876,80.3305785123967,2397.0,2430.0,40.17216642754663,37.8698224852071,54.82695810564663,51.08038029386344,78.27050997782705,38.83008356545961,36.87943262411348,25.125348189415043,33.387888707037646,23.952738990332975,70.98039215686275,62.018140589569164,55.608028335301064,17.487735268331814,15.715644761140856,30.68514615083289,26.488089686433252,1.4586666666666666,1.3976261127596439,7.6479695573504465,8.72055065380813,7.087294727744166,7.012750455373406,70.88793388429751,111.78160383517695,113.32052453879015,-1.5389207036132007,56.93593314763231,53.191489361702125,60.122200818685286,57.79439465722929,40,26,33,14,119.19918811698496,117.7230371805517,118.02195774517944,104.20006412311638,108.82070045074778,103.1118571186089,14.91010062657054,14.99912399386858,-8.90233672980392
2016,RED,73.32780082987551,73.16182572614107,2209.0,2204.0,33.116883116883116,35.07462686567164,50.08223684210526,54.59770114942529,75.04950495049505,33.624454148471614,39.089848308051344,27.565502183406114,27.07117852975496,26.456542502387773,71.32116004296455,60.27060270602706,66.83229813664596,16.887466786422664,22.734927585045472,28.39526963811235,27.132218105609823,1.3573407202216066,1.1069958847736625,12.677295011414245,9.636615396130384,4.693486590038314,8.634868421052632,70.96033195020746,103.33632723326224,103.10242880131733,0.23389843194490822,49.94541484716157,53.82147024504084,53.76789017622433,57.45089043666847,66,40,53,26,104.88343194168813,95.9808594691841,103.92362334699631,101.76147412539882,110.35172843468574,100.65795684105197,3.2656665059443384,3.12195781628931,14.370868965501643
2016,GAL,78.16666666666667,82.5,2345.0,2475.0,40.469208211143695,40.888208269525265,50.87866108786611,51.28604832424006,72.35576923076923,36.33457645178476,33.72933884297521,22.16302610548748,25.41322314049587,27.42409402546523,64.50381679389314,66.289592760181,59.24324324324324,16.796842193667594,17.076789563562052,26.268394875096817,25.801815925272717,1.6277777777777778,1.4972677595628416,8.678368466728257,9.098289521569946,9.11925175370226,5.439330543933054,71.442,109.4127637337514,115.47829008146469,-6.065526347713288,54.44858817261588,54.674586776859506,56.916370555911534,57.49182338511856,53,20,36,33,116.40467853683974,117.80153467928181,115.22666319004692,102.39195077705672,113.14544332441884,101.26049634381253,13.966166846234387,14.012727759783019,-4.65609135486298
2016,KAZ,76.28215767634855,80.49792531120332,2298.0,2425.0,36.6723259762309,38.40245775729647,50.041017227235436,52.61011419249592,79.48243992606285,32.57743362831859,34.683004794885456,29.922566371681416,26.37187000532765,31.683168316831683,69.09827760891591,57.142857142857146,62.68156424581006,17.865392048722082,16.404106683259325,27.104486617454345,27.905836656579083,1.245382585751979,1.6120689655172413,7.6835327280783625,9.899029895070283,6.6068515497553015,5.824446267432322,70.42058091286307,108.32366999462624,114.31022616926398,-5.986556174637741,51.65929203539823,54.34203516249334,56.15725987761725,57.881420660683595,33,20,26,13,111.33603238866395,112.75492829846002,110.20848310567936,105.33140398023038,115.85514817807676,104.17285249844961,6.0356306072297485,6.004628408433575,3.100219879616745
2017,EFS,77.36666666666666,84.33333333333333,2321.0,2530.0,34.244372990353696,42.15976331360947,49.922239502332815,55.45064377682404,76.3915547024952,32.59958071278826,36.71917436175991,27.30607966457023,26.290059750135796,32.2550831792976,69.66413867822318,54.03508771929825,63.37271750805586,15.608789965104213,16.410449872677543,26.832028671130807,28.10525323021786,1.3957703927492446,1.6954022988505748,8.299537866641515,8.535320192398377,7.8111587982832615,7.076205287713841,70.68666666666668,109.45015561633498,119.30585683297178,-9.855701216636803,50.393081761006286,58.31070070613797,54.29900245176022,61.58834641375684,26,20,23,6,110.95476240278386,117.7052235258324,109.77771016752553,107.96953649819426,120.88097153870622,106.7607267828072,3.01698338471833,2.9852259045895977,3.175748012873825
2017,CSK,89.12863070539419,79.30290456431536,2685.0,2389.0,42.74447949526814,37.30407523510972,56.406124093473004,51.561181434599156,82.08695652173913,33.81333333333333,34.99725726823917,30.666666666666668,33.57103675260559,31.901181525241675,67.58893280632411,56.23069001029866,62.4263839811543,15.740154372825975,19.273658415705274,30.424846499077614,29.507053241186885,1.5918367346938775,1.2619047619047619,10.554622465743366,7.6635737033875735,7.679324894514768,7.655116841257051,72.33659751037345,123.21374487183016,109.63040465504739,13.583340216782773,59.013333333333335,53.09928688974218,63.087406015037594,57.09082914332689,93,66,80,27,127.78433397256231,110.08260805428529,126.68350789201945,118.68433074463228,109.18227501142076,117.59250799451807,9.090999897501376,9.100003227930031,-0.9003330428645313
2017,MTA,81.33333333333333,84.33333333333333,2440.0,2530.0,35.587188612099645,38.32020997375328,51.465332380271626,51.65016501650165,70.6713780918728,28.658847526772057,38.60182370820669,28.862825089240182,26.545086119554206,32.432432432432435,68.4995340167754,56.95652173913044,60.67538126361656,15.484106020584752,15.256398579105564,26.505146188177427,26.732853629656613,1.5411764705882354,1.662686567164179,9.017214682575826,8.106384916659076,8.993399339933994,6.075768406004289,73.19333333333333,111.1212314418435,115.21996538846888,-4.098733946625373,52.014278429372766,53.90070921985816,55.20262076704494,57.38106470225351,60,26,43,34,111.92603781826122,110.56108613755073,110.82042695688571,110.31489889320423,119.88767937567236,109.1160220994475,1.704404857438206,1.6111389250569914,9.326593238121632
2017,OLY,76.24489795918367,75.16734693877551,2335.0,2302.0,33.38213762811127,32.95454545454545,52.09090909090909,50.775193798449614,75.59880239520957,38.30622546270331,32.3189926547744,37.4649467190129,27.492130115424974,31.10236220472441,71.2442396313364,60.54931335830212,52.214452214452216,17.933533840204742,14.617698156208554,29.00188675720611,31.1968765761895,1.2630208333333333,1.4313099041533546,7.519007677794176,9.76069940781977,4.186046511627907,6.818181818181818,69.91804081632652,109.04896228353665,107.50779921914406,1.5411630643925918,51.318003365114976,50.34102833158447,56.21304624154998,53.87164413824091,80,46,63,34,115.26159049965074,104.13985808301777,114.22019191882057,102.63177882424426,110.98663223454352,101.52191250189883,12.69827941692175,12.629811675406472,6.84677415152575
2017,RMD,85.87551867219916,79.50207468879668,2587.0,2395.0,37.675606641123885,36.8567454798331,55.90909090909091,49.41077441077441,79.06197654941373,41.58258098778545,37.703198741478765,31.704726500265533,28.683796539066595,30.907278165503488,69.89843028624192,64.17582417582418,57.863849765258216,15.478738551704499,16.5351509751146,27.696377883316952,30.49816735410026,1.7329376854599408,1.3694444444444445,9.415849860829146,8.772816211796913,8.501683501683502,6.090909090909091,72.27153526970955,118.82343214617075,110.00468495944295,8.81874718672779,56.16038236856081,51.6255899318301,60.28391931695314,55.75784101914625,73,53,63,20,119.72831233156091,106.16213853885934,118.66669094617232,117.90223013180581,113.9165415345828,116.76306471645998,1.9036262297123443,1.8260821997551062,7.754402995723467
2017,ZAL,80.52674897119341,79.53909465020575,2446.0,2416.0,42.2,36.48468708388815,54.30410297666935,51.05162523900574,77.55443886097153,28.686173264486516,41.79187534780189,34.251290877796905,37.117417918753475,32.700892857142854,69.32153392330383,66.36568848758465,69.43069306930693,18.95260904822072,16.453881984649332,33.37922190582157,30.833349048597885,1.462686567164179,1.6074498567335243,8.344805476455392,9.900616666980973,5.162523900573614,8.205953338696702,69.82979423868312,115.31861127350219,113.90423746393347,1.4143738095687155,56.88468158347676,52.587646076794655,60.976825814686286,57.78577168879875,73,46,60,27,118.78608783560472,115.96710539106091,117.6264167816941,112.05302378380357,111.9614771957449,110.93340901184612,6.693007769847981,6.733064051801151,-4.005628195316007
2017,MIL,80.32786885245902,84.42622950819673,2450.0,2575.0,36.737588652482266,41.098169717138106,52.55731922398589,54.417513682564504,77.9578606158833,38.33605220228385,31.96808510638298,33.55084284937466,30.106382978723403,28.1496062992126,68.8659793814433,56.37426900584796,59.70307529162248,14.866527477443888,14.959734546267988,29.872865558123927,30.47871150548057,1.5109717868338557,1.7538940809968848,7.27015136827977,7.736186712400268,5.942142298670837,5.731922398589065,70.3527868852459,114.17865930952202,120.00410111102825,-5.82544180150623,53.53452963567156,56.72872340425532,58.04366779121337,60.47326494570323,33,33,33,0,117.08837139871623,121.93984176742798,115.86897298104195,111.27458283671037,118.07210965435041,110.09386174016686,5.775111240875091,5.813788562005868,-3.8677321130775653
2017,PAO,77.95884773662551,76.54320987654322,2368.0,2325.0,35.17786561264822,35.70219966159053,53.937728937728934,51.84563758389262,67.88830715532286,41.00486223662885,33.14638250140213,30.956239870340358,34.268087492989345,29.76303317535545,67.84274193548387,57.242990654205606,57.659831121833534,16.18593653236249,18.57864019366825,31.808883967947153,29.322348790511757,1.4202898550724639,1.207070707070707,10.180719500065681,7.694184322630285,6.124161073825503,6.868131868131868,70.17218106995884,111.09651509749095,109.07913750070374,2.017377596787213,53.45759049162615,52.41166573191251,56.297310662254176,56.65646444167186,86,40,63,46,117.11694937345224,104.92114621930101,116.06773791125921,104.98042256984509,113.3031948096166,103.84739062174894,12.220347289510272,12.136526803607154,8.382048590315591
2017,BAS,82.9,79.1,2487.0,2373.0,39.86013986013986,35.99439775910364,55.887521968365554,53.06122448979592,75.0,38.58607663248786,38.78326996197718,25.903939557474366,28.7343834872352,30.471204188481675,71.75196850393701,64.49511400651465,63.50877192982456,17.5856486219923,16.794759662802168,28.09981949122579,27.588067811749823,1.5714285714285714,1.5041551246537397,8.420641271377265,9.537190390233919,8.251996450754215,7.0298769771529,71.64933333333332,115.70240244152076,110.39879412695166,5.303608314569104,57.39341608202914,53.42205323193917,60.24125569227788,57.214913972687285,66,40,53,26,118.72374289785873,108.26717006273945,117.64107119723134,112.64759267229282,112.55403154881084,111.52205235680469,6.119018840426648,6.076150225565911,4.286861486071388
2017,FNR,79.37704918032787,73.93442622950819,2421.0,2255.0,42.384105960264904,34.87698986975398,53.50877192982456,51.37111517367459,79.01459854014598,34.63302752293578,38.71148459383753,31.422018348623855,30.084033613445378,32.36282194848824,68.42629482071713,67.32101616628175,61.51930261519303,17.36415959418593,16.778850843820113,30.43605501902253,30.533606477416832,1.6376404494382022,1.436046511627907,8.82840698468442,8.974734172275875,7.952468007312614,6.140350877192983,67.21967213114755,118.08604038630376,109.98926933957661,8.096771046727156,56.9954128440367,51.73669467787115,60.97868138953817,55.78148499960421,66,73,70,-7,117.67322233180563,109.06770319661196,116.58254529983951,118.50626980846079,110.92738046024526,117.39699600385832,-0.8144507040188103,-0.8330474766551532,1.8596772636333014
2017,KHI,77.93333333333334,78.4,2338.0,2352.0,35.696821515892424,37.447405329593266,52.473326867119304,50.57142857142857,74.50980392156863,44.24012979989183,40.44242768009075,27.58247701460249,36.92569483834373,29.714285714285715,65.26005888125613,65.54621848739495,66.66666666666667,16.809755356328825,19.04155903358152,31.530162589272145,28.111229296459502,1.5423728813559323,1.3266832917705735,10.256799878437928,9.402066555234766,8.571428571428571,6.304558680892337,70.19733333333333,111.02036164716608,111.68515423187965,-0.6647925847135667,52.947539210383994,52.83607487237663,56.38082376772451,57.3815286126942,60,46,53,14,109.80050064476977,107.80929985587498,108.72240764621101,112.24412145194428,115.57339624077314,111.08838748953653,-2.365979843325519,-2.4436208071745114,7.764096384898153
2017,BAR,81.86666666666666,80.13333333333334,2456.0,2404.0,38.239339752407155,34.22913719943423,54.93562231759657,52.52274607113317,74.02597402597402,38.424947145877375,36.89979123173278,24.41860465116279,29.17536534446764,28.91566265060241,69.77818853974122,66.99346405228758,61.00342075256557,16.834861539029205,15.174436839289339,29.472538420382637,26.013320295924583,1.6849315068493151,1.6261398176291793,8.394369315351549,9.086212940243161,5.5417700578990905,6.351931330472103,72.27066666666666,113.27786284891981,110.87947161596222,2.398391232957593,55.86680761099366,52.08768267223382,58.60791875071589,55.597698384798974,53,20,36,33,112.29584651681695,104.88871006090312,111.2469594162079,114.27720597814961,116.97593478382252,113.10744663031139,-1.860487214103486,-1.9813594613326586,12.087224722919402
2017,BAM,76.96666666666667,81.53333333333333,2309.0,2446.0,38.35403726708075,38.27893175074184,50.49954586739328,53.83244206773619,79.8598949211909,36.9054441260745,37.52783964365256,32.722063037249285,32.628062360801785,26.370217166494314,71.10423116615067,60.39850560398506,60.556844547563806,17.376484142172966,15.281784683938415,31.134851038304436,29.80186047397336,1.3287671232876712,1.6261682242990654,6.902986851000219,8.188370609462329,4.367201426024955,7.720254314259764,70.018,109.92411475144488,116.44624715549335,-6.522132404048477,53.0945558739255,55.17817371937639,57.83372740752615,59.546994897362985,60,13,36,47,113.25840119279732,113.449554612532,112.12390564667199,106.61506649213666,119.42025686263351,105.42086392351032,6.703041723161661,6.64333470066066,5.97070225010151
2017,RED,77.76666666666667,83.83333333333333,2333.0,2515.0,34.146341463414636,41.0459587955626,49.44491887275833,55.477031802120145,75.08960573476702,38.65898376113148,35.79126488939308,29.229963331587218,34.883720930232556,32.972972972972975,67.29074889867842,56.919374247894105,66.17812852311161,15.293126142249747,17.802524549491967,32.90626213270456,29.49726807003589,1.4643962848297214,1.5611702127659575,9.61146937113529,8.001666619319527,6.27208480565371,5.892399658411614,70.402,110.4608770584169,119.07805649460717,-8.61717943619027,50.130958617077006,57.657402155416904,54.14198986317138,61.836152635719905,53,20,36,33,116.49347905422277,115.2449916447381,115.34102913777538,104.59469555472542,122.80537915577136,103.3666417631677,11.974387374607673,11.898783499497355,7.560387511033255
2017,MAL,78.5843621399177,81.21810699588477,2387.0,2467.0,34.97884344146686,39.05852417302799,51.116625310173696,55.992680695333945,74.81617647058823,36.965589155370175,41.83076104310803,28.362877997914495,22.67163384779138,35.91417910447761,68.50715746421268,62.8175519630485,62.56800870511425,16.789285040558383,16.69496321448783,25.466893039049236,29.56989247311828,1.5280898876404494,1.6242937853107344,9.102056215808338,8.677607998490851,5.763952424519671,5.5417700578990905,69.80740740740741,112.57309941520468,116.34597245802678,-3.7728730428220985,51.6162669447341,57.07823310271421,55.32224570771684,59.69203073885523,60,26,43,34,116.31670125073767,113.17557920386832,115.18494545869899,108.89682376474548,119.45934830158345,107.70223028172964,7.48271517696935,7.419877485992188,6.283769097715123
2017,VAL,78.01652892561984,80.95867768595042,2360.0,2449.0,39.783491204330176,37.20238095238095,50.872093023255815,56.09348914858097,82.7852998065764,41.727837380011294,35.93582887700535,29.19254658385093,24.919786096256683,28.167539267015705,69.97950819672131,63.492063492063494,55.63991323210412,16.580728018555078,15.143092641223713,27.027545093829666,29.902815848492395,1.5028901734104045,1.6234177215189873,7.284019245145584,9.488393490387011,5.342237061769616,6.589147286821706,68.98380165289257,113.09398301673406,117.35896796948379,-4.264984952749728,54.54545454545455,55.98930481283423,59.044874104319284,59.01091063304804,60,20,40,40,115.50779843462772,111.81230693425816,114.38967536528511,110.62418801264278,123.03426344263251,109.39384537821645,4.99582998706866,4.88361042198494,11.221956508374348
2018,EFS,85.4,80.2,2562.0,2406.0,40.74074074074074,35.35353535353536,58.880994671403194,53.225806451612904,81.94774346793349,39.299191374663074,35.85100879461976,22.695417789757414,23.693740300051733,26.985854189336234,67.87072243346007,62.1875,60.22099447513812,16.516390773153194,16.516390773153194,25.076998948534005,26.054024881593772,1.6816901408450704,1.5352112676056338,8.886283486400734,9.49110906400916,7.016129032258065,5.328596802841918,71.64599999999997,119.19716383329151,111.93925690199038,7.257906931301136,59.757412398921836,53.155716502845316,62.786730972826724,56.35927515319604,80,53,66,27,123.85710246017531,108.68130832312187,122.77028937694409,114.65529913273555,115.11465529913274,113.50415257974423,9.266136797199863,9.201803327439762,6.433346976010867
2018,CSK,86.40663900414938,79.93360995850622,2603.0,2408.0,40.0,35.725429017160685,53.102336825141016,52.5728987993139,80.95975232198143,33.84861407249467,35.47315993359159,34.43496801705757,35.6945213060321,35.47094188376754,68.15034619188921,57.61226725082147,57.957244655581945,16.306468697154962,17.60726961886533,31.82316540612863,32.47356586698381,1.4985754985754987,1.287598944591029,8.501663166892758,7.851262706037574,5.917667238421956,7.2522159548751,71.45294605809129,120.9280285432888,111.8688792670916,9.059149276197203,55.437100213219615,52.93303818483675,60.24793541458357,57.58561316242586,86,73,80,13,120.68167083449103,109.66009076595348,119.58506992683151,121.17596614529928,114.0918327398818,120.03504781790046,-0.44997789106895425,-0.49429531080825484,4.431741973928311
2018,MTA,79.2,78.2,2376.0,2346.0,33.63518758085382,37.11180124223603,53.66269165247019,51.50753768844221,70.88607594936708,39.70210580380072,35.03808487486398,24.345146379044685,28.618063112078346,32.69230769230769,72.30464886251237,53.37078651685393,55.62060889929742,16.422423819492906,16.655036054896488,29.68132123749709,26.05257036520121,1.3456090651558075,1.3268156424581006,9.071877180739707,7.955338450802512,6.78391959798995,5.1107325383304945,71.65,110.53733426378227,109.14166085136078,1.3956734124214876,52.388289676425266,52.9651795429815,55.11328842620943,56.68200092778723,60,33,46,27,113.16796019161498,105.09116565784097,112.11704853503656,107.89488408527144,113.21036238506443,106.76278046142082,5.354268073615742,5.273076106343538,8.119196727223454
2018,OLY,77.57676348547717,76.61410788381743,2337.0,2308.0,35.32182103610675,36.60968660968661,53.333333333333336,51.67785234899329,74.32675044883304,35.25179856115108,37.06441393875396,30.824571112340898,21.224920802534317,32.82828282828283,73.06201550387597,62.30859835100118,55.21191294387171,18.117316740021245,14.93967218090757,25.46858400364243,28.45651843982394,1.3848167539267016,1.53015873015873,7.6832599787524645,9.3906510851419,5.369127516778524,7.777777777777778,69.99103734439835,110.83813932311426,109.4627409318561,1.3753983912581589,53.20973990038738,52.87750791974657,56.94222447467935,55.7251023719385,66,33,50,33,114.5392440781169,107.67060221281652,113.46253805598872,106.97106059430523,111.33524710993872,105.85770812320584,7.604829932782877,7.568183483811666,3.6646448971222014
2018,RMD,85.93333333333334,78.06666666666666,2578.0,2342.0,37.96068796068796,34.58856345885635,56.42923219241443,49.75806451612903,77.79783393501805,42.95514511873351,36.63771078180889,29.234828496042216,24.11854879918242,30.577689243027887,71.23775601068566,65.17954298150163,52.25433526011561,16.07923848726524,15.160424859421513,26.002425667977505,29.447976772391485,1.7114285714285715,1.3696969696969696,7.901797199456062,8.131500606416994,7.096774193548387,5.9204440333024975,72.55733333333335,118.43507662905655,107.59307582050056,10.842000808555994,56.6490765171504,50.53653551354113,60.26856683311825,54.09575549272872,86,60,73,26,125.80968889699847,108.56673661162304,124.72402153088224,110.9548222316818,106.60546723177434,109.88876755936406,14.835253971518185,14.854866665316663,-1.9612693798487015
2018,ZAL,78.71604938271605,77.53086419753086,2391.0,2355.0,38.91129032258065,35.900962861072905,53.101736972704714,54.36179981634527,81.35593220338983,29.09090909090909,40.03303964757709,38.064516129032256,29.46035242290749,30.16759776536313,70.64128256513025,64.79041916167665,61.54747948417351,18.39695811736219,17.072755476523778,30.929590253868565,32.96318716658469,1.3907455012853471,1.4542936288088644,8.323559456698574,9.600469146078469,4.499540863177227,7.030603804797353,69.61251028806583,113.07744693730847,111.37490068480193,1.7025462525065365,54.63343108504399,54.15748898678414,60.05847600675187,57.39982451009067,53,46,50,7,117.16511974332529,112.1996867957679,116.04312287536762,109.06637682245793,110.5655710055845,107.96072111240208,8.082401762965532,8.098742920867366,-1.634115790183401
2018,MIL,86.9045643153527,86.80497925311204,2618.0,2615.0,38.688946015424165,39.1705069124424,52.84697508896797,55.09118541033435,80.45801526717557,40.904311251314404,33.096085409252666,34.43743427970557,26.893746822572446,31.72613307618129,67.05426356589147,53.40782122905028,56.53061224489796,15.496950747044185,14.90442027730426,27.39313940874575,28.714938148934813,1.4058823529411764,1.694189602446483,8.796798512292728,7.520579039006736,4.939209726443769,5.871886120996441,72.82921161825726,119.32652075224021,119.189782951531,0.13673780070921282,54.96845425867508,56.30401626842908,59.76623139439321,59.438302360257474,53,40,46,13,117.15749039692703,116.70020120724348,115.99048838485459,121.48140071598613,121.66312308055753,120.26476948518055,-4.274281100325965,-4.323910319059095,4.962921873314045
2018,PAO,79.30290456431536,78.20746887966806,2389.0,2356.0,31.56996587030717,34.76968796433878,54.6816479400749,52.28251507321275,69.51672862453532,30.504945340968245,36.69574700109051,28.006246746486205,31.6793893129771,31.649189704480456,66.47230320699708,56.0655737704918,63.3769322235434,15.461674490088788,19.25765445472136,29.812330453943648,29.303113629419766,1.535928143712575,1.28125,9.813996981733002,7.869714560823634,7.14900947459087,5.842696629213483,71.70721991701245,110.5926357988686,109.06498532529695,1.5276504735716543,52.446642373763666,52.23555070883315,55.35936080677753,56.373346605156875,73,33,53,40,113.82364126989877,105.40232174873681,112.7696180524114,107.21321412335203,112.89589331716928,106.08425519018034,6.6853628622310595,6.610427146546741,7.493571568432472
2018,BAS,81.52697095435684,79.30290456431536,2456.0,2389.0,36.29943502824859,37.44911804613297,53.97775876817793,52.534562211981566,76.07913669064749,37.71976558337773,40.450054884742045,29.621736814065,29.802414928649835,32.87536800785083,72.80788177339902,62.612612612612615,62.529550827423165,17.684159979314614,17.407123530552504,27.472781168909126,26.826362788464206,1.4516971279373367,1.403183023872679,9.142202809149591,9.603930223753107,6.267281105990784,6.244653550042772,71.89311203319501,113.40025302662322,110.30667934877967,3.093573677843551,54.155567394778906,54.00658616904501,57.87975339831451,57.95955204471789,73,26,50,47,115.06353427895982,103.70493498817969,114.02648492907804,111.737002493305,116.90830178225136,110.56791947548248,3.458565453595554,3.326531785654822,13.20336679407167
2018,FNR,83.29218106995884,74.83127572016461,2530.0,2273.0,43.1784107946027,35.07109004739336,59.03500473036897,54.41310282074613,80.38461538461539,38.68909512761021,36.5473441108545,30.162412993039442,32.043879907621246,29.51015531660693,70.3239289446186,59.978070175438596,61.58536585365854,16.986168405726765,18.102402329531667,29.36180538704198,29.507401116233925,1.562857142857143,1.353887399463807,9.609318126668285,8.978403300169862,6.278434940855323,5.4872280037842955,67.83539094650206,122.78573161853919,110.31303081776268,12.472700800776508,61.25290023201856,53.75288683602771,64.77877918885703,57.50936140066795,100,66,83,34,125.11162014209732,108.90243428970768,124.02259579920026,120.45970763526236,111.72370949894197,119.34247054027296,4.680125258927305,4.651912506834961,2.8212752092342868
2018,KHI,77.84232365145228,81.49377593360995,2345.0,2455.0,34.959349593495936,38.43888070692194,54.378818737270876,54.397705544933075,76.79671457905545,46.717308735756916,39.36231884057971,26.42430819316332,38.666666666666664,28.100775193798448,65.8119658119658,65.62874251497006,68.07228915662651,16.671546911749424,19.646922139625385,31.831792120450743,27.061746120205157,1.5524079320113315,1.3581730769230769,10.76802463421776,9.49286382227092,8.604206500956023,7.841140529531568,70.28647302904565,110.75007792649406,115.94517753072192,-5.195099604227863,53.472599023331526,55.68115942028985,56.99272826256027,60.81308707542309,40,20,30,20,110.08133156799697,113.10762247020993,108.95025534329486,111.41719655087832,118.77582595898036,110.22943829128852,-1.279182947993661,-1.335864982881347,5.6682034887704305
2018,BAR,78.67219917012449,76.04979253112033,2370.0,2291.0,36.67180277349769,36.224489795918366,53.258036490008685,52.502453385672226,75.17482517482517,36.05555555555556,43.48308374930671,31.77777777777778,27.676095396561287,32.355915065722954,72.05153617443013,60.98707403055229,60.317460317460316,18.266387963015273,18.266387963015273,28.576539931830595,30.177202794569048,1.3376288659793814,1.2731958762886597,9.368585578969174,9.60397717643071,7.262021589793916,5.994787141615986,70.51020746887966,111.57561719676855,107.85642995687627,3.7191872398922783,53.888888888888886,53.300055463117026,57.75754503626297,56.636144292381935,80,40,60,40,114.96113989637307,102.48399878085951,113.93629990856448,108.26661701731521,113.1074287842115,107.1355427294731,6.800757179091377,6.694522879057857,10.623430003351999
2018,BUD,74.33333333333333,85.0,2230.0,2550.0,38.11802232854865,39.21568627450981,48.18401937046005,58.234758871701544,72.33560090702947,33.60128617363344,39.38223938223938,23.633440514469452,31.329288472145613,27.966101694915253,70.43478260869566,52.87081339712919,66.30434782608695,16.741492492265902,15.656832415302196,30.700596091450993,26.220478382253074,1.2450704225352112,1.8373493975903614,8.158530144118313,8.818758017052742,7.370336669699727,5.891848264729621,70.68266666666666,105.16486833169849,120.25579114162831,-15.090922809929822,51.20578778135048,58.46662989520132,54.12516261820159,61.8055959513699,40,0,20,40,110.20937845009585,116.60113502101531,109.04336709988571,100.37687287434508,123.72460704108835,99.1396268039342,9.903740295951508,9.832505575750773,7.123472020073038
2018,DAR,74.6,85.86666666666666,2238.0,2576.0,31.545741324921135,37.75811209439528,51.053484602917344,54.24,74.70355731225297,33.940042826552464,35.16597510373444,27.08779443254818,29.87551867219917,31.133828996282528,66.30859375,60.0,58.67237687366167,19.240152080053758,15.419739107220117,29.596693271470254,26.51274545002623,1.1913875598086126,1.635820895522388,8.147145737247644,9.804192327874283,8.48,7.941653160453809,72.41800000000002,103.01306305062275,118.57088937372842,-15.557826323105672,49.78586723768736,55.08298755186722,53.52427964642406,59.04356755170896,33,0,16,33,108.33612071208236,114.46835395993608,107.191437172483,97.78702132705747,122.59865360407206,96.56103479101674,10.630402381466268,10.549099385024888,8.130299644135974
2018,MUN,78.41322314049587,80.13223140495867,2372.0,2424.0,37.95180722891566,36.19718309859155,55.17551755175518,56.771300448430495,77.22772277227723,37.40845070422535,38.9041095890411,28.450704225352112,26.73972602739726,26.30457933972311,67.90648246546228,60.92485549132948,62.247191011235955,16.45360746529095,18.160609968894622,27.786207419770882,28.165541309460586,1.5187319884726225,1.4464751958224542,9.341097033608982,8.582429254229572,4.573991031390134,6.750675067506751,69.71768595041321,112.4724982929975,114.93816857598057,-2.4656702829830692,55.83098591549296,55.80821917808219,59.38313639094733,59.41992038122879,66,26,46,40,115.22695933055023,112.58240616558679,114.10113526889437,109.69548077472434,117.31322249519133,108.52234854977245,5.578786719121922,5.531478555825885,4.7308163296045365
2018,CAN,77.41078838174273,87.40248962655602,2332.0,2633.0,34.149484536082475,39.93855606758832,51.33451957295374,57.8125,73.09160305343511,40.8421052631579,34.86877343331548,27.57894736842105,30.04820567755758,28.978840846366147,67.05882352941177,61.757719714964374,57.73624091381101,17.93315822842134,18.06901548772756,28.937596232225346,27.714880898469342,1.3131313131313131,1.3934837092731829,9.147722126618966,9.9628656824563,4.934210526315789,6.049822064056939,73.301244813278,105.60637623403679,119.23738791776108,-13.631011683724296,51.28947368421053,58.54311730048206,54.72739561429859,62.280021193657035,40,13,26,27,109.55176858083918,114.56394099957039,108.40612917084349,101.56565101015656,124.02375976240236,100.32541341253253,8.080715758310959,7.986117570682623,9.459818762831972
2019,EFS,86.80745341614907,76.8695652173913,1747.0,1547.0,40.64272211720227,35.471698113207545,57.004160887656035,50.843060959792474,86.41975308641975,42.32,40.73789392774788,25.92,18.985395849346656,30.58637083993661,68.38440111420613,57.18849840255591,67.75862068965517,15.690449839593168,17.441616116333478,23.115394852972077,27.458287219288042,1.5982142857142858,1.5783132530120483,9.736484498676118,7.845224919796584,6.22568093385214,7.489597780859917,70.9376397515528,122.37149941861279,108.36216920469032,14.009330213922468,58.68,51.80630284396618,62.72620210260241,54.87060893252369,81,88,85,-7,124.89319997989645,107.55390259838165,123.81766095391264,119.1946053756292,109.3804413207965,118.10080096242122,5.716859991491418,5.698594604267257,1.8265387224148526
2019,CSK,83.30864197530865,76.79012345679013,1687.0,1555.0,39.61605584642234,34.130434782608695,50.48678720445063,50.25316455696203,77.13498622589532,44.34984520123839,36.8,28.095975232198143,31.52,33.148404993065185,71.80555555555556,58.30508474576271,55.05415162454874,17.70465904912362,16.615141569177553,28.59983384858431,27.033652471161833,1.323076923076923,1.25,8.85232952456181,8.307570784588776,7.7215189873417724,7.7885952712100135,72.5204938271605,114.87599929181364,105.88748008225858,8.988519209555065,54.45046439628483,50.6,58.10349103132835,54.62426933453237,80,60,70,20,118.77268228307489,108.60002199494116,117.68668206312547,111.05114019700443,103.22493590608553,110.01889083794359,7.667791225181887,7.721542086070457,-5.375086088855625
2019,MTA,84.27329192546584,76.12422360248448,1696.0,1532.0,38.551859099804304,35.84158415841584,54.699738903394255,46.14305750350631,72.75204359673025,40.01566170712608,41.46141215106732,28.739232576350823,35.960591133004925,29.95658465991317,71.85792349726776,56.33116883116883,58.627450980392155,17.38721804511278,19.06552094522019,31.08216970998925,26.718582169709983,1.3397683397683398,1.0528169014084507,10.875402792696024,8.190118152524166,7.152875175315568,6.527415143603133,74.01739130434784,113.85606874328676,102.84640171858214,11.009667024704612,55.951448707909165,49.30213464696223,58.9511150659029,54.29851423386639,100,40,70,60,113.60869918039438,93.18618301820445,112.67683735021234,114.09986403988162,112.36703900189278,112.97619364986271,-0.2993562996503698,-0.49116485948724176,19.180855983688332
2019,OLY,81.079754601227,82.84662576687117,1652.0,1688.0,35.095137420718814,41.43426294820717,56.23342175066313,50.71895424836601,73.5576923076923,38.54930725346373,39.62115232833465,33.903830480847596,27.782162588792424,29.86627043090639,72.21418234442837,57.96610169491525,53.355704697986575,16.986766760733172,15.959341351817857,27.945971122496506,29.178881613194882,1.3790322580645162,1.3648068669527897,8.013918189539439,8.698868462149647,4.967320261437909,5.570291777188329,71.65447852760737,113.15378503520644,115.61960601660319,-2.465820981396746,54.84922575387123,55.248618784530386,58.579898442597376,59.35803302669704,50,30,40,20,114.56358691172834,112.50309074425121,113.43855600428584,111.75168720456843,118.71909068553785,110.56449629771305,2.874059706572794,2.8118997071599097,6.21599994128664
2019,RMD,84.35,77.4,1687.0,1548.0,40.0,37.5796178343949,54.252199413489734,48.76847290640394,80.17492711370262,45.088566827697264,36.71083398285269,27.616747181964573,22.759158222915044,27.94561933534743,70.37037037037037,64.47811447811448,49.389179755671904,17.055655296229805,16.98660406021268,25.272752382267647,29.622980251346505,1.5506072874493928,1.1504065040650406,8.424250794089215,7.802789669935093,9.605911330049262,5.278592375366569,72.41,116.4894351608894,106.89131335450907,9.598121806380334,56.84380032206119,51.55884645362432,60.556241564483244,54.83605860515204,100,50,75,50,122.80986811817911,107.10320361794894,121.73883608199962,109.91178874390552,106.67080010145702,108.84508074289096,12.893755339108665,12.898079374273593,-0.43240351649191666
2019,ZAL,76.0,76.88888888888889,1539.0,1557.0,33.70288248337029,36.40256959314775,52.027027027027025,53.51123595505618,82.80423280423281,37.86733837111671,39.609838846480066,31.738035264483628,31.043256997455472,33.88804841149773,67.54658385093168,57.72811918063315,60.798548094373864,18.518784363829514,18.949453767639504,30.433971202572536,31.367088244160843,1.2015503875968991,1.268939393939394,8.326275140326448,8.685166310168105,4.775280898876405,8.513513513513514,68.799012345679,110.4667020772621,111.75871028869207,-1.2920082114299731,51.469353484466836,53.9440203562341,56.69260012377332,58.09528073788842,30,30,30,0,108.01383515066246,109.77254074334624,106.916109743229,112.82108994738766,113.6651380018569,111.6844385673691,-4.768328824140099,-4.8072547967252035,3.892597258510662
2019,MIL,77.3,79.35,1546.0,1587.0,39.34065934065934,34.623217922606926,46.63212435233161,51.483870967741936,80.50139275766017,37.08231458842706,38.783570300157976,29.258353708231457,28.35703001579779,26.867816091954023,70.62937062937063,56.77179962894249,53.77855887521968,16.509730947350747,14.760818770724608,29.101898619058943,27.56285590362794,1.2966101694915255,1.4502369668246446,6.8557357323744625,8.674604396065646,6.838709677419355,6.476683937823834,71.473,108.1527290025604,111.02094497222727,-2.8682159696668634,51.22249388753056,51.65876777251185,55.81388632162662,55.72487991235709,80,20,50,60,115.25347310282639,109.19491644827683,114.16152393834362,101.15044739620964,112.82165286500307,100.02223086755961,14.139293070784007,14.103025706616748,3.6267364167262457
2019,PAO,86.82926829268293,84.14634146341463,1780.0,1725.0,36.24733475479744,37.54385964912281,56.22817229336438,52.04081632653061,76.38190954773869,35.316265060240966,42.09748892171344,29.96987951807229,26.144756277695716,29.842180774748925,66.04774535809018,56.96784073506891,61.09324758842444,14.025152216106989,16.55100901332057,26.32208662359416,25.45797771928425,1.7630331753554502,1.5261044176706828,8.308739464518359,7.4446305602084495,7.3979591836734695,5.70430733410943,73.38731707317073,118.31644997474143,114.66060461035335,3.6558453643880853,55.5722891566265,53.84047267355982,59.21017616690617,57.12828529037728,72,44,60,28,119.33288603469761,110.2271638071504,118.23061439662611,117.0498656315318,120.18512988951927,115.84801433263662,2.3826000639894858,2.283020403165807,9.95796608236887
2019,BAS,73.7,79.4,1474.0,1588.0,32.4435318275154,40.61224489795919,50.46113306982872,51.94244604316547,69.85074626865672,39.08507223113965,41.35021097046413,26.886035313001607,29.367088607594937,33.6986301369863,71.22861586314153,48.79852125693161,63.92857142857143,20.09438057496534,18.834105835072044,28.706257964236197,28.21615112094436,0.9198606271777003,1.3308550185873607,9.732121602509345,9.171999495890102,11.079136690647482,7.246376811594203,71.41300000000001,103.20249814459551,111.18423816391972,-7.9817400193242065,49.75922953451043,55.654008438818565,52.892206114539974,59.33698024093505,55,18,35,37,105.4244844882036,108.52065143352529,104.33927797386835,101.36776172823726,113.38361242490095,100.23392560398824,4.105352369880109,4.056722759966348,4.862960991375658
2019,FNR,78.8641975308642,79.65432098765432,1597.0,1613.0,41.05263157894737,37.47323340471092,53.102453102453104,53.98351648351648,78.4090909090909,40.667808219178085,39.07949790794979,30.136986301369863,32.71966527196653,27.39059967585089,65.33127889060093,63.58792184724689,65.49295774647888,18.816598071827258,19.380391272481255,29.66961718441676,30.23341038507076,1.3408239700374531,1.3527272727272728,8.386423859728254,9.302587810791003,4.670329670329671,6.349206349206349,70.07209876543209,112.5472176805548,113.67480408186279,-1.127586401307994,56.54965753424658,54.85355648535565,60.360728108369614,58.99607911985019,50,30,40,20,118.04222648752398,113.51795996709623,116.90704688785301,106.73472939265618,113.84071001798247,105.59632229247636,11.310724595376655,11.307497094867799,0.322750050886242
2019,KHI,86.40993788819875,87.85093167701864,1739.0,1768.0,39.145907473309606,38.844621513944226,57.70862800565771,56.14702154626109,83.22784810126582,44.28684003152088,38.8845855925639,24.901497241922772,31.216111541440743,29.577464788732396,66.22613803230543,61.62420382165605,59.874608150470216,17.73049645390071,15.970981538628118,30.047100860808833,24.024145958529587,1.4770992366412214,1.61864406779661,8.72990092577554,9.880352985761464,7.477820025348542,5.516265912305516,73.42509316770187,117.68447837150127,119.64701423853607,-1.962535867034802,58.156028368794324,56.9713400464756,61.75250703105026,60.20485997602702,70,20,45,50,121.46571335716607,114.83046257176903,120.31740873144838,113.90692640692642,124.45887445887448,112.66233766233768,7.655071069110704,7.55878695023965,9.628411887105443
2019,BAR,83.95,78.1,1679.0,1562.0,38.241308793456035,37.09090909090909,54.52127659574468,51.98821796759941,78.01047120418848,39.40370668815471,44.75183075671278,30.78162771958098,25.549227013832382,31.467473524962177,73.82352941176471,62.6465661641541,61.759425493716336,18.21728000433422,19.910335766818815,26.479392125259036,28.985114653736233,1.3903345724907064,1.1700680272108843,9.27794557841557,9.074778886917418,6.62739322533137,5.851063829787234,73.831,113.70562500846528,105.78212404003737,7.923500968427902,55.6406124093473,53.62082994304313,59.57788060294661,57.12572047163463,77,63,70,14,116.14881198042568,104.94664229703436,115.09934555745534,111.62895587461472,106.49226991405445,110.56403317547418,4.535312381981157,4.519856105810959,1.545627617020088
2019,RED,73.22699386503068,74.99386503067484,1492.0,1528.0,34.97652582159625,33.40163934426229,49.04701397712834,51.8413597733711,75.62326869806094,35.119538334707336,40.87102177554439,29.760923330585324,33.75209380234506,31.936416184971097,69.5139911634757,57.38317757009346,59.54631379962193,18.520083375584473,18.44966480761647,31.054588473888796,28.02659005126472,1.167300380228137,1.202290076335878,9.78818094755225,9.78818094755225,8.073654390934845,8.89453621346887,69.69717791411043,105.0645034082587,107.59957185510676,-2.535068446848058,50.24732069249794,51.130653266331656,54.37951947749009,55.71274392556077,45,44,45,1,105.83830047378878,103.80049926129705,104.80029548117581,104.10760410760409,112.29761229761229,102.98462798462796,1.8156674965478459,1.730696366184688,8.497113036315241
2019,VAL,82.6832298136646,82.88198757763975,1664.0,1668.0,36.31178707224335,38.26923076923077,53.92156862745098,57.43519781718963,79.45544554455445,42.41935483870968,41.50039904229848,32.58064516129032,22.505985634477256,34.06432748538012,70.82683307332293,61.111111111111114,57.25806451612903,16.445056644083994,16.655890703623534,25.37036516459112,30.36010457369353,1.5042735042735043,1.4978902953586497,8.995586540353639,8.925308520507127,3.5470668485675305,6.582633053221288,70.70409937888199,116.9426250245973,117.22373710398335,-0.2811120793860482,54.153225806451616,57.42218675179569,58.684121430989734,60.56293025822756,66,36,50,30,122.24862431215608,113.80690345172587,121.11055527763882,112.60916194269956,120.01429957611971,111.40901894693836,9.701536330700463,9.639462369456524,6.2073961243938385
2019,BER,81.6867469879518,85.1566265060241,1695.0,1767.0,38.80597014925373,38.065843621399175,50.265957446808514,56.99745547073791,80.1526717557252,41.61490683229814,38.20754716981132,30.512422360248447,30.660377358490567,31.645569620253166,68.38124054462935,67.4061433447099,62.87519747235387,19.01938665757234,18.953802565649678,27.217398147905243,27.873239067131877,1.3620689655172413,1.3771626297577855,9.247356961095516,9.772029696476823,5.979643765903308,6.382978723404255,73.48240963855422,111.1650358089142,115.88709042734594,-4.722054618431741,53.57142857142857,57.03616352201258,58.01139008296142,61.201163757273484,44,27,35,17,108.0828484428231,105.21872833067019,107.03066115951638,113.53874016113679,124.10318326406464,112.29770832849614,-5.267047168979758,-5.45589171831368,18.88445493339445
2019,ASV,73.68944099378882,81.04347826086956,1483.0,1631.0,33.92461197339246,40.050377833753146,50.19455252918288,54.61638491547464,75.07507507507508,36.90671031096563,34.04802744425386,27.25040916530278,36.2778730703259,29.97159090909091,69.08212560386474,61.48148148148148,61.6580310880829,17.511140217252034,17.511140217252034,32.602041542688745,27.975114249512394,1.3495934959349594,1.451219512195122,7.40308366908216,8.61320311498982,8.062418725617686,6.744487678339818,69.8047204968944,105.56512578123888,116.10028331031734,-10.535157529078461,50.45008183306056,56.475128644939964,54.182620641276706,60.312694139573416,63,11,40,52,114.79126491895552,113.22770625944648,113.65898785636107,94.45507892176862,119.55941883453103,93.25948473342329,20.399503122937773,20.336185997186902,6.331712575084552
2019,MUN,74.33540372670808,83.37888198757764,1496.0,1678.0,40.14778325123153,37.03703703703704,49.28848641655886,55.7980900409277,77.04402515723271,34.43596268023749,41.17174959871589,26.97201017811705,29.213483146067414,27.751937984496124,66.36225266362253,61.213235294117645,60.60100166944908,20.125223613595704,17.399932915921287,28.72037119856887,27.252906976744182,1.15625,1.4578313253012047,8.38550983899821,10.55176654740608,6.002728512960436,9.702457956015524,71.10757763975155,104.53935599284435,117.2573792486583,-12.718023255813947,53.05343511450382,55.698234349919744,56.71306826797683,59.666040848836545,50,10,30,40,111.62261848636955,110.51332538339942,110.51748523253555,97.34313808356578,124.10897923534218,96.10204829121236,14.415436941323193,14.27948040280377,13.595653851942757
2019,ZEN,73.23456790123457,78.71604938271605,1483.0,1594.0,33.13840155945419,39.33747412008282,51.494565217391305,52.440725244072524,70.72368421052632,41.072858286629305,40.25,24.339471577261808,27.166666666666668,33.51724137931034,65.6,66.48451730418944,64.66431095406361,19.20487562894196,20.055276025795475,28.346679895117283,28.701013393806246,1.3468634686346863,1.2932862190812722,10.133938062504429,8.85833746722415,7.252440725244073,6.793478260869565,69.68395061728395,105.09531571114732,112.96151938204237,-7.866203670895047,50.76060848678943,55.083333333333336,53.624634788394225,59.32531411897814,20,40,30,-20,102.80589439686248,116.07117109323183,101.64518268593015,107.30809967110766,109.95596187078434,106.20854005239981,-4.56335736646966,-4.502205274245171,-6.11520922244749
